{
  "LR_PSD": {
    "mean": 0.5555555555555555,
    "std": 0.07698003589195011,
    "min": 0.4666666666666666,
    "max": 0.6,
    "median": 0.6,
    "n_subjects": 3
  },
  "LR_CSP": {
    "mean": 0.8777777777777777,
    "std": 0.12619796324000604,
    "min": 0.7333333333333333,
    "max": 0.9666666666666666,
    "median": 0.9333333333333332,
    "n_subjects": 3
  },
  "EEGNet_Raw": {
    "mean": 0.7777777777777777,
    "std": 0.12619796324000604,
    "min": 0.6333333333333333,
    "max": 0.8666666666666666,
    "median": 0.8333333333333333,
    "n_subjects": 3
  }
}