{
  "accuracy": 0.6333333333333333,
  "precision_macro": 0.6388888888888888,
  "precision_left": 0.6666666666666666,
  "precision_right": 0.6111111111111112,
  "recall_macro": 0.6333333333333333,
  "recall_left": 0.5333333333333333,
  "recall_right": 0.7333333333333333,
  "f1_macro": 0.6296296296296295,
  "f1_left": 0.5925925925925926,
  "f1_right": 0.6666666666666666,
  "auc_roc": 0.7066666666666666,
  "cohens_kappa": 0.2666666666666667,
  "cv_mean_accuracy": 0.6333333333333333,
  "cv_std_accuracy": 0.348010216963685
}