{
  "accuracy": 0.8666666666666667,
  "precision_macro": 0.875,
  "precision_left": 0.8333333333333334,
  "precision_right": 0.9166666666666666,
  "recall_macro": 0.8616071428571428,
  "recall_left": 0.9375,
  "recall_right": 0.7857142857142857,
  "f1_macro": 0.8642533936651584,
  "f1_left": 0.8823529411764706,
  "f1_right": 0.8461538461538461,
  "auc_roc": 0.8794642857142857,
  "cohens_kappa": 0.7297297297297298
}