{
  "accuracy": 0.8333333333333334,
  "precision_macro": 0.8348214285714286,
  "precision_left": 0.8571428571428571,
  "precision_right": 0.8125,
  "recall_macro": 0.8333333333333334,
  "recall_left": 0.8,
  "recall_right": 0.8666666666666667,
  "f1_macro": 0.8331479421579533,
  "f1_left": 0.8275862068965517,
  "f1_right": 0.8387096774193549,
  "auc_roc": 0.9244444444444444,
  "cohens_kappa": 0.6666666666666667,
  "cv_mean_accuracy": 0.8333333333333333,
  "cv_std_accuracy": 0.16666666666666669
}