{
  "accuracy": 0.8333333333333334,
  "precision_macro": 0.8348416289592759,
  "precision_left": 0.8235294117647058,
  "precision_right": 0.8461538461538461,
  "recall_macro": 0.8303571428571428,
  "recall_left": 0.875,
  "recall_right": 0.7857142857142857,
  "f1_macro": 0.8316498316498316,
  "f1_left": 0.8484848484848485,
  "f1_right": 0.8148148148148148,
  "auc_roc": 0.9285714285714286,
  "cohens_kappa": 0.6636771300448431,
  "cv_mean_accuracy": 0.8333333333333333,
  "cv_std_accuracy": 0.223606797749979
}