{
  "accuracy": 0.6666666666666666,
  "precision_macro": 0.6666666666666666,
  "precision_left": 0.6666666666666666,
  "precision_right": 0.6666666666666666,
  "recall_macro": 0.6666666666666666,
  "recall_left": 0.6666666666666666,
  "recall_right": 0.6666666666666666,
  "f1_macro": 0.6666666666666666,
  "f1_left": 0.6666666666666666,
  "f1_right": 0.6666666666666666,
  "auc_roc": 0.7333333333333334,
  "cohens_kappa": 0.33333333333333337,
  "cv_mean_accuracy": 0.6666666666666666,
  "cv_std_accuracy": 0.29814239699997197
}