{
  "LR_PSD": {
    "model_type": "LR_PSD",
    "cv_type": "LOSO",
    "per_subject_accuracy": {
      "1": 0.7333333333333333,
      "2": 0.5666666666666667,
      "3": 0.5333333333333333
    },
    "mean_accuracy": 0.611111111111111,
    "std_accuracy": 0.08748897637790899,
    "macro_f1": 0.6110630942091617,
    "auc_roc": 0.6136363636363636
  }
}