{
  "accuracy": 0.8666666666666667,
  "precision_macro": 0.8705357142857143,
  "precision_left": 0.9285714285714286,
  "precision_right": 0.8125,
  "recall_macro": 0.8705357142857143,
  "recall_left": 0.8125,
  "recall_right": 0.9285714285714286,
  "f1_macro": 0.8666666666666667,
  "f1_left": 0.8666666666666667,
  "f1_right": 0.8666666666666667,
  "auc_roc": 0.9732142857142857,
  "cohens_kappa": 0.7345132743362832,
  "cv_mean_accuracy": 0.8666666666666668,
  "cv_std_accuracy": 0.16329931618554522
}