{
  "accuracy": 0.9333333333333333,
  "precision_macro": 0.9333333333333333,
  "precision_left": 0.9333333333333333,
  "precision_right": 0.9333333333333333,
  "recall_macro": 0.9333333333333333,
  "recall_left": 0.9333333333333333,
  "recall_right": 0.9333333333333333,
  "f1_macro": 0.9333333333333333,
  "f1_left": 0.9333333333333333,
  "f1_right": 0.9333333333333333,
  "auc_roc": 0.9955555555555555,
  "cohens_kappa": 0.8666666666666667,
  "cv_mean_accuracy": 0.9333333333333332,
  "cv_std_accuracy": 0.13333333333333336
}