{
  "accuracy": 0.7333333333333333,
  "precision_macro": 0.7375565610859729,
  "precision_left": 0.7058823529411765,
  "precision_right": 0.7692307692307693,
  "recall_macro": 0.7333333333333334,
  "recall_left": 0.8,
  "recall_right": 0.6666666666666666,
  "f1_macro": 0.7321428571428572,
  "f1_left": 0.75,
  "f1_right": 0.7142857142857143,
  "auc_roc": 0.7911111111111111,
  "cohens_kappa": 0.4666666666666667,
  "cv_mean_accuracy": 0.7333333333333333,
  "cv_std_accuracy": 0.24944382578492943
}