{
  "accuracy": 0.9666666666666667,
  "precision_macro": 0.9666666666666667,
  "precision_left": 1.0,
  "precision_right": 0.9333333333333333,
  "recall_macro": 0.96875,
  "recall_left": 0.9375,
  "recall_right": 1.0,
  "f1_macro": 0.9666295884315907,
  "f1_left": 0.967741935483871,
  "f1_right": 0.9655172413793104,
  "auc_roc": 0.9955357142857143,
  "cohens_kappa": 0.9333333333333333,
  "cv_mean_accuracy": 0.9666666666666666,
  "cv_std_accuracy": 0.1
}