{
  "accuracy": 0.4666666666666667,
  "precision_macro": 0.4660633484162896,
  "precision_left": 0.46153846153846156,
  "precision_right": 0.47058823529411764,
  "recall_macro": 0.4666666666666667,
  "recall_left": 0.4,
  "recall_right": 0.5333333333333333,
  "f1_macro": 0.4642857142857143,
  "f1_left": 0.42857142857142855,
  "f1_right": 0.5,
  "auc_roc": 0.5377777777777778,
  "cohens_kappa": -0.06666666666666665,
  "cv_mean_accuracy": 0.4666666666666666,
  "cv_std_accuracy": 0.22110831935702666
}