{
  "accuracy": 0.4666666666666667,
  "precision_macro": 0.4666666666666667,
  "precision_left": 0.4666666666666667,
  "precision_right": 0.4666666666666667,
  "recall_macro": 0.4666666666666667,
  "recall_left": 0.4666666666666667,
  "recall_right": 0.4666666666666667,
  "f1_macro": 0.4666666666666667,
  "f1_left": 0.4666666666666667,
  "f1_right": 0.4666666666666667,
  "auc_roc": 0.5111111111111111,
  "cohens_kappa": -0.06666666666666665,
  "cv_mean_accuracy": 0.4666666666666667,
  "cv_std_accuracy": 0.22110831935702666,
  "best_C": 0.001
}