{
  "accuracy": 0.6,
  "precision_macro": 0.6111111111111112,
  "precision_left": 0.6666666666666666,
  "precision_right": 0.5555555555555556,
  "recall_macro": 0.6071428571428572,
  "recall_left": 0.5,
  "recall_right": 0.7142857142857143,
  "f1_macro": 0.5982142857142857,
  "f1_left": 0.5714285714285714,
  "f1_right": 0.625,
  "auc_roc": 0.6205357142857142,
  "cohens_kappa": 0.21052631578947367,
  "cv_mean_accuracy": 0.6,
  "cv_std_accuracy": 0.24944382578492943
}