subject,n_epochs,lr_psd_accuracy,lr_psd_std,lr_psd_f1,lr_psd_auc,lr_csp_accuracy,lr_csp_std,lr_csp_f1,lr_csp_auc,eegnet_accuracy,eegnet_std,eegnet_f1,eegnet_auc
1,30,0.6333333333333333,0.23333333333333334,0.6329254727474972,0.6339285714285714,0.8666666666666668,0.16329931618554522,0.8666666666666667,0.9732142857142857,0.8333333333333333,0.223606797749979,0.8316498316498316,0.9285714285714286
